thuyquat6193873,0xd4ca119f7De68BD6E47FE28238adfC90893a9FA5
khongkhu710398,0x0cAdc45C340806D2864231f8D003dC31b6C26E6B
dopthinh6193888,0x7b64E0847FC2Cade235DA61Fd80b8C72A3877132
thuonghai7109383,0xF1d0E50Bed12D5A9890E5c05E5698038f23350F8
noancau6193848,0xDcdb14622aD27140bE0d9c4F3E400d8510e18808
thienduong6193837,0x3e6c353C127068d3bEFc56FDD8BA50A3dEf18edb
tongtien6193838,0x8a1a06a5A2a1F212916927e87df1EB5818F72C8e
thinhhoat6183773,0xB75a1F5CB1D1EC698E6d850fB8FBb478d20929F9
lienquan7103838,0x9fE07d617Be5406530b622FF5afdC39301E0E028
giuongtich618837,0x395328e1431730d7a2cDD3C78EAE75eFED4b72c0
tuongtu6193883,0x0b917F6714B92a01f2bCc8E71b6aA015BE09CCF4
bongtranh6299388,0x5a75D9366AC6e241B0Ef10010449EC7b22e0d93A
xoplam7104848,0x9b86f6136f775F2B94600DdEB713f383B52E4f3B
duongtheo7198373,0xe730F234c01a39aC21B5e4768113a8952Fe9786a
thuyhanh618376,0x26d8306d8Bb15E26ADc9D66808F1475b04ADD715
chienquoc719488,0xcf3FBBB1225e837C7065e0C20725e81D3E034633
phienhuyen7193773,0xFA618F610e223366C3641b4978098D7649794C77
ongthay7183838,0xaF030787adcd3e0C7ab4e21f22567A0023d86Ae5
danhtanh619388,0x7038f3ec7024a33882E75037D22812cD9D57F987
lienket6284884,0xCDE95F1986D662Eac247ADe289F3F8815756a3C7
xanhngom710948,0xb0d03c8355F5103F5c670Fbd3c5CB9d0a4f7e522
songthot6198484,0x6342E2d19a73F6efc7C4B36c559aD086aAA2f26E
vinhvanh6203838,0xa7F43ca77DEf5170A2798CcB08000Fadd4CCB049
uynhloam6104838,0xef0176D3b7173a9f60E03F251919a502ebea9848
Nguyenhuutho3499,0x0F1A310b94539f7eDCc5e10209C24b6E30aa8b11
Hophithuy2889,0x981508fA8BA08495973a9e1636eEf818D4d7FF96
Vothientoan2884,0x1566a0f758c85D76664Ee2E2f64902E67B6225C4
Thainuhuyentrang3484,0xD7Be2Bae7178E7669db8Fb3C827f938c75bc30E1
Nguyentoantrung3955,0x1e6CA8919dABf1C418f0E1d3E5953f87DF0deE8f
Nguyenngoctu2858,0xe1D0C86d91D5a97a0a31D94eB5979D2005f22d15
Nguyenvan41915,0x590e1257256A9afA9e0bf473307557163d5DdAb7
Nguyenthanh42385,0x3900A4Cd5Aa93b9B87B9f94abcfb3FBB633075A1
Huynhkim42286,0x5bE4b5f6DCfA7388F3a3E4C1EeD1B6C9Ecb1B420
Lelam41925,0x84B0942558F30777311b03F5E417e7dB6334EDDE
Tranquoc42825,0xb0654bBfF21e9211e9Cc963eC7B8046306FE8bc1
Vanphu42496,0x47320adD2C610d6202C8930C2b4a0A444C70582C
Lethanh40153,0xF4BA60Af885478FB768BAC7AB9548B9aDeD2Bd5b
Nguyenthanh42386,0x998F244a95C93d9FAbA7Ba5Bea82b1A8E88055A4
Hoangthi41826,0x4F2efbaCaB92e046cEB2Dd6d21F063A9445e056c
Vonhu41385,0x762e6C1c544793bd9396eEE6987C7E15dd8cE2fd
Nguyenchau51206,0xB79577CE8e24b4963528995A9710ce5C96aec4F4
Nguyenphuoc41296,0x682A2Fa205BDFe7583b31532BC15c7dB734d0435
Nguyenhuu41295,0x3FF0487E7d8a0D214E1c268eb6c6c68F9D305187
Buitrong41105,0xA6C8942aC189736dBc136f35CED641073d8eeE86
Duongcong52396,0xA566Ed86EDC0Ffd2a326E2FEB8634c2e86972b57
Nguyengiang41015,0x3D3D91B32bbD98D874f9d144b3474D1598aCF839
Dangvan51396,0xa59378312badc18c668d4877ae4dde8483ca0cf2
Phanthien52385,0x371af995a64766c9de4ec76df057ad033539f3cc
Nguyentrong51106,0x801b0a03acd1eeadde8f52806a48f49b21e6a565
Nguyenhung41296,0xebddff4ff16384e1fd76a74ae5f1ec08ecd5806c
Phungtan52377,0x880b79c6bf6b2f6f23143841bfc7b4e31a3e6a2d
Dothi51296,0xdbb6505670c7aa3889b1b9e263b6203af2d74fdc
Phamphuoc41106,0xf5e8a3b40f61143f7f1758d0b6b88cff713f5317
Duongduy41925,0x18e860af462e5c4c937bc337b474a766b92ed6a4
Nguyennga52396,0xbf5e70ba96878f49ecfc2324746311794d55f957
Huanguyen51296,0x592bb3ca9b5ea4ef7ef009848f3dc620d3ba280c
Phannguyet41826,0x48a82308f9241eb7ddc1ea9f32054b9d0ad54bfc
Lenhan41826,0x437177e750645fdeb7e765625d74c9a5d2b8fa20
Tongnhung51066,0xf24d67976069c09d48ce1f34568e2436b3f0f489
Tranphuong51395,0xe2da16d705bf1376584ba3c959b3bfecc80383a2
Tranphuong41015,0x33f3163e02ba8c08e6474c00f014f8ae6c4d369d
Truongquang48288,0xbd82c95da7d848688d2133eba8755f9b02bf635c
Tranthithanh4828,0x0aa51f5e0260755884074ebefc64dca421f2a9ed
Phuongthao55199,0xfbd420d5aa3e2c751f74c778241be8ad5db14a59
Vovanthuan6620,0xca230d05c784201a2a10b50f0a3f87337a0f62a3
Truongthihoa55220,0xe376c277712fb83051d34a633cdfbd96ca7a7212
Lamquang6620,0x132a2f6ba569602949eea949537f0c9934e67b02
Viethoang66299,0x72ddcc8fc89de5575edba083198851e0ff8a7a5a
Nguyenvanhung5520,0x4c3f4024ab5b2f3ca0dbe845e2c15c7667b9b31b
Tranthikhuyen6992,0xc57c9f2efb60f16133e0cebf3463483b2eba9c23
Haokiet6822,0x65a030226e10152eeaf71896aba5095b995aae3b
Vovanlac45722,0xed82205b35d26881db90dfe7d384821ea60a329e
Nguyenlai44770,0xab2db155c61ac5225d2bbf40ba216209307f0693
Tronghung4436,0xeb1aaf6698916a4fcfa2543be6410162db111d43
Tranminh4237,0x362e15053ebfb935775388e521074ed0a4d30caa
Phamquang41926,0x77c75aab89d3b280f58d945df11c11642a689396
Huynhduc41016,0xfe82e206f1003099c04121c22d5f5b801b4bdd4d
Nguyentrung41927,0x52e6419b8ce14efbcaee57fd46fad95f8ce5a064
Nguyendang41017,0xe069363d7cc35c82ca80e5d773fe19b54f6d85c1
Lexuan51836,0x2db4bc515cb491d48fb261070086e39bd25ca956
tuytrang7288482,0x0523807401e4fd49686127e07b4e933706f380a7
Xuonggia173727,0xbe07fbf9f9a39f004a3ead2a4270071314c4dc82
Thieugiang628842,0x72b212c6ace5199a26252c959edf8f4464eb724f
Chuanhoa7183772,0xc9fe94902afc7856708c845d7249256cfff77743
Nhaungao626482,0xeefc708a1ce7360c4973c3555e55d62aca71b724
Thoattung728472,0xfcb4b9cab0f0c8c6713b9af252619483f95657ea
Chieuquyen619427,0x91391229fdc82bfbd3afdeb51de8f2d51f38611d
Thieutuy47658,0x25dee4530cc87f1bc5f8d83428ba6db2f83259e6
Chuyengiac407785,0xbc85caed9f9f9b5fd557fc8f7914c5ba977df5ab
Bumchang816261,0x1e7cb59fbd4e9def018b0adc5cd8089163819f53
Thieuthanh273616,0xd9b9758953165c78d4bfaa0782c20d3f0a17debd
Nguyenchao7263717,0x1ebca378dbb901ecd0301ddf710f5ca044b50f76
Chanhlong6294881,0xb9695283280e5c533137220c4fa9b48324a5ca6e
Bangthay6249928,0x36ff721cf674c2ef5780bd6c7f09fba80f2ee972
Thanhthanh725162,0x6ec05760ededb962bffbc71cde5d8490d90896fe
Manhthang725173,0xb1fc9a845afdd07f23ff8ec7db9a57559c327698
Thienmanh716261,0x5fc12058abfd0cd8fe74b85929673a9918b93fde
Xoangngou726171,0x0c49fdede9a71d4e0722be53ce38d4aec452eaef
Samsuoi7261994,0x5b65ab856ebda9d0746f691c9b1a1d117c099741
Thuyettam725162,0x474bcef711606d48186bf2bfa3c309eb82d9adfc
Thoathinh629472,0x439852b39d191454ff1439fbb8dcbdccedecb5d3
Longnham716371,0x7ad2eed4d4dff8568840e5940d6e1aaefe6a70c6
Nhaunhau717481,0x453b675b94421c7b0efd1c0b090c15ad6023e736
Nhanhnhat624882,0xa50dca8e98f72a93014f91bec5d4074dee82962a
Chanhtra917372,0xeaf9920ef3a9d4b2c106ba4ff1ebc91f44aafd27
Xieulong5284772,0x2f772b40f6932e8a63c3a6b5b14d364d4ea78f28
Cangngay6277471,0x92b21d066d4f670b57654b740e2247d16ce898cb
Chinhphuc72616,0x6bf05eecf824fe15f0a282a182891a486bba16bb
Minhhuong628481,0x7f63b32666cd4895e0a756f160094b826cb338e9
Langmac7298581,0xe19b1ef7920f568760421b7d466d0387fbe2df94
Chiemdong72482,0x642e11d71d74d75e68bd3d244b219568d8fa81bd
Rongtrang7277481,0xf42134c364b71d8220e179a249fe41b2297ffa96
Xanhlam826616,0xbd073c941868e3ea708cfcb63b911e887edb3c17
Chungtinh184771,0xfa43f0e311b50fbd2db5e9e14b643264bed40eaf
Thiendoan715371,0xec6e8b317699b2d1433984ff625373e53ff39d2a
Chuyenthieu910388,0x0d3a034d4056e592f46e4714cd7b36dbc83357ce
Chamlong8297372,0xd721971fe0e04322c5408b7aff4c39d859eab8a8
Kiengnang727491,0x9f129eac340676e2c59261fcb14c8d7ae3bbd255
Hoabinh9173881,0x6a3189a725d6dfba09351aeccee439c81f90c5c8
Quangbinh183617,0x1c09892b559596b69896ab077625da53d43e64a7
Bentre9173708,0xb5287b7c2f16e4c0b45b97030a14a642f054703e
Tranhdam72648182,0x751541b8528fb2f4700c7e941beaeccfefdf6423
Phuyen7187371,0x0959f15117ff5284074b773537d6df31068fd4b1
Ngodong6287471,0xcb8645831b0512e580ef4cd58bbb076bae6fd1e2
Quangtri8174919,0x8dad125ba8e62d9d902781ccbb7dfe3dfc9d4566
Hoilong013923,0xaeabae4487d1972b676bfd13dfa1dea1ac284841
Vinhlong709382,0x6baaa5f94f632284527c4abf3e5808cc793474b3
Suongmai6294717,0x90b246d8449b47e4db7e60b1e7c4e12c78e7ee03
Maodang0182942,0xe3cec6987480f2ceb2bd13296b3e8611ad875b20
Lecanduong72863,0xa452d2cd0d27b667e9fd630261d245ef0a1fbda1
vovanhoang7384,0x69709ccd12727fc3e3f93ff7989192f9218e81b7
Hoahimai68473,0x962dc6eebee2f686d266e6bebf111954ddd114dc
Toanhuydao64893,0xa371a1a402b065ce5db40a5c88ed8281815b42b1
Tonduybao7378,0xd4ce9a23714dc8022a9b8da597c2e984c8a08106
Khaihoaho7383,0x77d60137cfdd79590b351e2dbb2a9531de42e729
Laohoaly6291,0x657db4a208636500b8580f358760afa66bff485a
Dohoangba74893,0x85e1cfb7db41903311579b89249dedb0fec058cf
Lehabinh63881,0xdec56643292c5283556f0d9108cfeb813b6f5775
Huymaihi72873,0x59e7e7be1f1d889bbfa9201b763141d896935abf
Hongocha7383,0x28e07eb473fa9f11efcee85528749ffb24bcda36
Phahoangca64982,0xee92629f817c79aae4cc46e46db056bd7573bd84
Hoakhongdo7482,0xe3604f2a7de5d59d4bab474b592c80248860ab39
Hahoangmy6382,0x0e07d1d4588d31fd2524de28cc34ae03c840a006
Vihoangvo7482,0x94e87120547dfc3c517610accd2d19a0c5c50c52
Mondala79272,0xa3a497d52bc59dcc4691ef40af93f2f9e34f4353
Hoavantam62910,0x18b39100bb49b77364ff387eb94221844c6f2ba2
Lehahuan73829,0x3059c5f50910b34b45311e5cccb4527b1598e78e
Mabinhlo63891,0xfe7b1178ef2ea2b718aa7e5ba586b52848338e74
Vihangda7291,0xe27a7a3190bf5983a251597648ecc524734da589
Lahuuthong6283,0x2c6fee7e0fbd1c38ef802ea90b6729aabb39f322
Lahoangho72992,0x9764d36d1faa0cffa7fb5b190452bcebb1d4fb74
Lahoadima2683,0xb3b6ed2c1f138e0d5a90b147f7538f7ddf7ed0cb
Sapdohua62891,0x0a059ef4147d67a511d42723eedcb1a32bfe52d0
Phihoale64929,0x039cea89bac8ab1e47a6c860863e7929ea897176
Phabandi73881,0xfe093ffc824e5a48407c14cb4f0ea15102177577
Hovandang63917,0x307c1de4cd0971165293f5bda231022d6a9161ec
Vovansau62919,0x0d497bf7f04bc2e3d3f813fc6dcb0db9fb0e6103
Laganduy6392,0xbb4afbccaae97f717fa8221539d5300375ff79a6
Dabangkhoa63872,0x49f600dd450ab861bd748c11927b33039c2a29d7
Vuthihoa73974,0x18cfefa8192179fa8f10caf40b0c1d9bbfe0ea92
Truonghongquan4489,0xd3d2238875087e7847ca56d52d5b3d0c09e2bd6a
Levanquy55180,0x188cf1cf852527d6f13622f9e18d96494a310708
Vongocsang4470,0xdbbbf91895ed63a33dfa75bd5f485b2ed102cd59
Danghuyentrang3769,0x08e5ff13c4707166590b647dab6836c420c4ae05
Nguyenthitrang5561,0xbcb30ab9c4782301fc10bc10483d02f17c0c4137
Lethitrinh5547,0x9ba9abc7fb231cf6b3891035199a1caf046bae40
Leanhtuan4436,0xefe20030f679c4e4b5d00e4d97e50a33a497421d
Phanthanhbang2690,0x43eb231111401875ba95fcc304d6f9cc7897211e
Nguyenanhbao23680,0xc12204f2723daf47d409e11ede89bc9ee7710e9f
Tranminh52264,0x226fc0da8caa42aedb6a5228a4bab83908586905
Nguyenanh57228,0x2d4e04b0d165229417bf9c49d377120d515a7371
Phamquang52179,0xc68fccbf16745de66d1dcfbea86d6b65d13a0ac0
Phamdoan52240,0x5c8cfb25e70ebb6fa278fbf3039ee4a02864f4fb
Huynhduc52622,0x27857f0d6c116ca5693361fca54a1444fa44df53
Nguyentrung52263,0x445ec11f120867c48f1be6dd79613e905daec79c
Nguyendang51289,0x1aaef1a1bed41dedfe5fdb49edb41ab583d8584f
Nguyenkhac52264,0x5e84cccf9ae87503c7cae4a6d28f4586f4e74a15
Lexuan61264,0x1cca31e594f238e05efb240ee13d76576a089207
Tranduc51278,0x9cad5db089f19a73e425c2f6a0d0eea77b51d4ae
Nguyenduc56237,0xa06d35cecd817e031615c2a81bb42f99cec14b70
Tongnguyen62280,0x82efe747c5819019de9b2ad22a89ebbbe5f03e3f
Tranleanh52270,0xd704c8549b5f41529183dd0170cd660ed4b1a0e0
Lekhai62720,0x85e175674587fa49a072af86e53f5fd9f7941ece
Nguyenvanlinh57238,0x63fdfd9b72f845e99f13fe6fccf049f3235c4225
Tranhoang51265,0x20c27ecb2b970bf250d56b65f7a05a8a3c810a21
Nguyenngoc51279,0x4224373542c48fa64ef419cb422c2af0967d2050
Doanphi62275,0x1336df7d7a7deed6dfe4cc23db3845d0956ed20f
Tranluan66228,0x6a1dccefeb55f2e3cd5b2679846331400c81a4ca
Phancong52365,0x62e9139d396367d93a6633d1860f3177cb6817b1
Ngotrung52265,0x5d215b7a5bfc64de14aa3ccdaa438e6651819b09
Lycong52264,0x806c2535803cf8e9427faf7f1d5c31e5268c4aad
Nguyenthanh63365,0xbef0bf4bb31400cd85f57e7101841a47e5ce54f9
Huynhletan62366,0x7fdab64e8d57823286aad59cc5559790fd325f98
Buithanh52254,0x04fef995aa0391e1cf8d78b263484f91c7d947ee
Nguyenvanqui62276,0xb30cfa147569d46b57d86758cede1939a9ffaab7
Nguyenthithanh56227,0x67d03c19286fcf962071e36019150185e18cd4e1
Nguyenthanh56228,0x6d87a4ac57e0fd981a89dad7fc9149842d6cfc8b
Truonghoai52276,0x52faf3896ca9ebaed918c5f9ad9325a4d9146854
Nguyenquang52269,0x67bbf103f1dc09aff7ae004ea5c09460e4941234
Huynhkim61170,0x1c1fbe073f2de417998cc759ff8eca4bdf10d834
Nguyenvantin62189,0x6e372d880872e13400064028ff5d970bec8a96ae
Lelam62722,0xf444136f1c8483a321c6f3788c0c8df22e5ced87
Tranquoc51170,0xb5cc773802bb1017628e8c8992b76c4bc3962ec9
Vanphu62277,0x219e4c07039fb43a4f8ffae01c81fd7f86c1946d
Ngothe51170,0x9757e09bf4aba0219c701ba4b5ad48314923493f
Lethihuynh61279,0x5c629996841bdc5e128dd3907ec69691a51d7b3d
Nguyenthiyen51719,0x9e6a3d30c223e3675aa94cd8cd84c6f7ee9cf5fc
Nguyentuan67181,0x3e73ebb5840d8bffb3718205ddd0afa75e378e89
Hoangthi52636,0x5c4b90244e58ec8f97daee4655133db7a0df2d8d
Vonhu61189,0x7b3db81d8ab9ea7fd3dc952fff2c8dc0d05060d1
Nguyenchau51166,0x9fe502f61f4932566cfc365543e8e453c596c90b
Nguyenphuoc52226,0xe4b318bad18af8d7af24299ef37c6a92094c88c4
Nguyenhuu52722,0xbb58c4a35522714fa99f64edab0bdb5b9af60bdd
Buitrong51188,0x4daffd1a0136ece26f17f36b9f279dcdd08a035c
Duongcong51277,0x3f00f813ae0a7bea9828b7178943bc4b1a06254e
Nguyenthigiang51710,0xbba4cf573cc7cdfc6bd39b1717cf257960a59995
Truongthihang52266,0xb6684fd1f7ba377c9c3cc6f0fff4f09b3f72bbe8
Dangvanhau51174,0xf3911ad4acde3c8f613fb75bd678affd37288b10
Phanthihien52276,0x63dbb8d27c8984a074e73cd53c17b2d6429ab743
Nguyentrong52280,0x5c0e5ff22f57d59879ce96bb8e214956e2d86a69
Nguyenvanhung52263,0x1cd5e36238a2c0e83c7b0a1322adeb6619aa20db
Phungtan61365,0xed529226b35f2fe2258a108acd1dd48d7ad02423
Dothi61289,0xc2b7e90f5229c5f65767b38366cc6613278e2e6d
Phamphuoc71288,0x78883b4aab064d2107d5f0ab9e7ffcdad02a610b
Duongduy61180,0x64cdef37278cb8cd15a4d14dc169263db49ae505
Phanthinguyet51177,0x511650e4830f81c1505c5a62f22ee5c597788bca
Huathithao51170,0x08b8ab6a3c653d6dce58f8deb0854a9d7e0f7aec
Phanthinguyet62280,0xed85887876b7351a07365133a3da521ed0954e50
Lethiainhan61189,0xc12f81927865b4ac7b0b255c1fd8819fb8c9f324
Tongnhung51228,0x6dcd02cd266d0542a41783eac27905463bcf796a
Trannguyen61710,0x89ca1ac30850d52392cfd428e5758ae270fa7dd5
Tranthihong36367,0x98da546d79f4e8fd38f269971ea6a3ab77d935dc
Hoangvanphu53377,0x3ada4b2f5ae238631c7680301c0adeaa7fe95615
Phamthithu57128,0x60684d008eeca8625234218d261eabf05728522a
Tranngoc52277,0xe4f36cda27797a1f570d865fc4ab092d2b166a7e
Ngosam62366,0x2b644280ca17c5ff94a793f82e758afc441e0810
Nguyenkhac56233,0x53757eca51983154a21c38293402cd481059ad09
Nguyenthithu51279,0xec444ec1e6308effc6774331dd1434d63916a5ef
Nguyenthi62719,0x1a5e29001dab10b2eb711f74e3808ab4d5bba8c1
Tranthiduy52268,0xd5a1b355cebd60cdb2ed07da51514fe9d0cbc402
Dinhthithu52627,0x22efaa2ce4ed6624ef00c34e472607faf44982ae
Nguyenvantinh52723,0x4a9bcaac502fec0acfd7900f776af9ece3a0e215
Nguyenthithu52727,0xafc146de2d9803526f0f906962e183447bfedb72
Truongnhat52378,0xb9cc56c9ddc4011667c35382af8451e4d584849e
Leduc51822,0x908eabaa8e016342ce89186b7ea17bc247c85866
Phanhuu61190,0xfe31af644136c0a47ecdaa60917594c9b10a41f0
Dangthivan62379,0xad668bb208067c5d831c934c247fd0ea8a5f3d21
Tranthihong52267,0xf759a49536b0947904e4b833b19716009793a25e
Nguyenthithien62289,0x973960a36791eca9c13e4720a5ce29cd50714d54
Nguyenphuoc51167,0xc6f5c4afc44841f347d75a57d2c2fcf285bc3242
Tranthikim62728,0x1b836f5d074bed3457526220a1beda22c1baa0df
Luongphuong52265,0x311c03e8bece6a40307d1c2dadf9583e2418997b
Nguyenngoc12778,0xc1039f3b3b617c9a35df18a03219d63d39290b8f
Hoangtien62277,0x74e6acf84074ec7dd5ea61971abeae4da57e800d
Nguyenthithu62728,0xcd61741021d7e5e3f90a127be42e6fe261546169
Lephuong52270,0xed8be951831c08ea5ec3c79552b219f803824919
Lethinhu62279,0xbe01deb9c0efcb0f5cc192b2a853b283946232d6
Nguyenhoang52277,0xfe8ebf59d7e9d9506af3374a8c070e32160e2f8d
Ngotruong52279,0xc17ca03139df75ad8464869083582eca7c5f2f61
Vothiminh61179,0xbb67858e139dad90825bad0a05fbacc2907b5826
